{
    "ARIMA": {
        "rmse": 0.0038740691759645606,
        "mae": 0.002500464285714286,
        "mape": NaN,
        "hit_direction": 15.139442231075698
    },
    "SARIMAX_BASIC": {
        "rmse": 0.002970194227655828,
        "mae": 0.0019040119047619047,
        "mape": NaN,
        "hit_direction": 60.1593625498008
    },
    "SARIMAX_EXTENDED": {
        "rmse": 0.0030629066118147336,
        "mae": 0.002130769841269841,
        "mape": NaN,
        "hit_direction": 56.573705179282875
    },
    "ENSEMBLE": {
        "rmse": 0.0030620099583959785,
        "mae": 0.002023939693382174,
        "mape": NaN,
        "hit_direction": 58.56573705179283
    }
}