{
    "ARIMA": {
        "rmse": 0.00849213110627659,
        "mae": 0.006137472222222222,
        "mape": NaN,
        "hit_direction": 1.9920318725099602
    },
    "SARIMAX_EXTENDED": {
        "rmse": 0.005397701261530705,
        "mae": 0.003820638888888889,
        "mape": NaN,
        "hit_direction": 88.04780876494024
    }
}