{
    "CatBoost": 671.2787179000006,
    "LightGBM": 24.442103000001225,
    "XGBoost": 89.88321790000191,
    "MLP": 307.51661260000037,
    "SVM": 2.145418399999471
}