{
    "CatBoost": 6530.440000300005,
    "LightGBM": 25.35567119999905,
    "XGBoost": 35.88248269999167,
    "MLP": 63.46985880000284,
    "SVM": 3.810713700018823,
    "LSTM": 842.984586800012,
    "TTS": 1228.3600587999972
}