{
    "CatBoost": 578.3233281999999,
    "LightGBM": 60.724062199999935,
    "XGBoost": 418.44677120000006,
    "MLP": 1097.9177028,
    "SVM": 17.86381229999961
}