{
    "CatBoost": 42.59383600001456,
    "LightGBM": 4.10266970001976,
    "XGBoost": 5.109479200007627,
    "MLP": 16.901018900010968,
    "SVM": 3.697313300013775,
    "LSTM": 110.88223350001499
}