{
    "ARIMA": {
        "rmse": 0.006603388320664783,
        "mae": 0.004917432539682539,
        "mape": NaN,
        "hit_direction": 0.398406374501992
    },
    "SARIMAX_BASIC": {
        "rmse": 0.006611845622795692,
        "mae": 0.004938365079365079,
        "mape": NaN,
        "hit_direction": 50.99601593625498
    },
    "SARIMAX_EXTENDED": {
        "rmse": 0.006418426693376967,
        "mae": 0.0047506785714285715,
        "mape": NaN,
        "hit_direction": 51.39442231075697
    },
    "ENSEMBLE": {
        "rmse": 0.006515180989217482,
        "mae": 0.004832113995809277,
        "mape": NaN,
        "hit_direction": 51.39442231075697
    }
}