{
    "instrument": "SP500",
    "model_type": "SARIMAX_EXTENDED",
    "order": "(1, 0, 3)",
    "seasonal_order": "(0, 1, 1, 5)",
    "hyperparameters": {
        "p": 1,
        "d": 0,
        "q": 3,
        "P": 0,
        "D": 1,
        "Q": 1,
        "m": 5
    },
    "metrics": {
        "rmse": 0.005397708703499491,
        "mae": 0.003820620313444826,
        "mape": NaN,
        "hit_direction": 88.04780876494024,
        "naive_rmse": 0.01517180529658925,
        "naive_drift_rmse": 0.3636955401413248,
        "improvement_vs_naive": 64.4227657949648,
        "improvement_vs_drift": 98.51587162674527
    }
}