,mean,std,cv,sign_changes,significant,stability_score
dxy_index_raw_log_d1,-0.0017764985493328668,0.0003095937618547111,0.17427189117096303,0,True,0.8515915330331357
interest_rate_diff_log,0.00014659139388885435,0.0005046780167560384,3.4427533797699303,8,False,0.08036806400308885
eu_consumer_confidence_raw_d1,-3.443660585151555e-05,0.0016767375847620057,48.69055887771857,9,False,0.017038515548701692
