,mean,std,cv,sign_changes,significant,stability_score
japan_leading_lag1m_log_d1,0.008911107920136845,0.1894857255031656,21.263991773119017,6,False,0.035380706590463565
