,mean,std,cv,sign_changes,significant,stability_score
japan_leading_lag1m_log_d1,0.009274692366895876,0.18933372172674603,20.414016361613694,6,False,0.036477690346761585
