{
    "instrument": "USDJPY",
    "model_type": "SARIMAX_EXTENDED",
    "order": "(1, 0, 0)",
    "seasonal_order": "(0, 1, 1, 5)",
    "hyperparameters": {
        "p": 1,
        "d": 0,
        "q": 0,
        "P": 0,
        "D": 1,
        "Q": 1,
        "m": 5
    },
    "metrics": {
        "rmse": 0.006418422176405189,
        "mae": 0.0047506791190703255,
        "mape": NaN,
        "hit_direction": 51.39442231075697,
        "naive_rmse": 0.007228034142078886,
        "naive_drift_rmse": 0.5213608476246772,
        "improvement_vs_naive": 11.200998082735138,
        "improvement_vs_drift": 98.76890982404076
    }
}